table_name, num_of_neighbors
dd6w-hnq9.csv,526985
f33j-ecpr.csv,425301
u4hi-kt3x.csv,293006
njjd-3gve.csv,265361
3mpc-kqwk.csv,252237
ijzq-5wy8.csv,237930
rb38-kd48.csv,208850
psx2-aqx3.csv,185140
c4vk-jvzy.csv,168021
mpk5-48av.csv,132891
yeba-ynb5.csv,125576
budf-qanm.csv,125386
64pu-zyr2.csv,124206
jpcp-ic7c.csv,110360
t5qg-w9sq.csv,110068
naib-xtez.csv,106373
6bqn-qdwq.csv,87250
grnn-mvqe.csv,86152
fdpt-nzk4.csv,74361
j46y-iqiq.csv,61862
xkzb-irtw.csv,56360
a5rk-jemi.csv,51801
dvaj-b7yx.csv,49420
w9dc-u4ik.csv,47589
36qa-cicj.csv,47226
23z9-6uk9.csv,45814
cznr-hmrv.csv,45261
wks3-66bn.csv,45159
6e44-8i2s.csv,44532
nbdj-ya9f.csv,44021
uqxv-h2se.csv,43452
imfa-v5pv.csv,43248
jzt2-2f7h.csv,42809
diks-hcwd.csv,42725
mq9d-au8i.csv,42243
wxmz-2gii.csv,40763
vw9i-7mzq.csv,40532
rgyu-ii48.csv,40483
py32-wyad.csv,39825
i85y-pwpn.csv,39384
yhck-bxbs.csv,39143
ahcp-vck8.csv,38794
76hw-72td.csv,38700
ew6u-9hb3.csv,38361
tpt8-yikk.csv,38062
aqqw-n6ec.csv,38060
77q4-nkfh.csv,38027
kcey-vehy.csv,37972
kx6j-f3vm.csv,37766
yr5p-wjer.csv,37724
cts7-vksw.csv,37624
s3k6-pzi2.csv,37304
2ji4-fd5z.csv,37218
j9we-9a43.csv,36971
uq7m-95z8.csv,36844
ya22-5bh7.csv,36368
4rz2-mrsh.csv,36301
usc3-8zwd.csv,35843
4tys-3tzj.csv,35640
nbun-wekj.csv,35279
8y4t-faws.csv,35238
r5p4-2qap.csv,33998
kjpz-79mu.csv,33998
f6s7-vytj.csv,33955
xdd4-2y5h.csv,33816
wcm8-aq5w.csv,33386
xgcb-9jsr.csv,32999
45nu-yrf2.csv,32401
r4c5-ndkx.csv,32237
rc75-m7u3.csv,30127
utpj-74fz.csv,29288
juyv-2jek.csv,28494
jtpv-nuuc.csv,27405
4t62-jm4m.csv,25436
29bv-qqsy.csv,25389
qgc5-ecnb.csv,24812
5sbz-5u89.csv,24727
a44d-m6ak.csv,24427
p9cr-nt9j.csv,24001
s67q-ee5u.csv,23948
kg6x-kv5b.csv,23473
64uk-42ks.csv,23356
7t9i-jsfp.csv,23060
k7nh-aufb.csv,23039
m8p6-tp4b.csv,22981
hebw-6hze.csv,22973
r6ub-zhff.csv,22307
2ps2-dsjr.csv,22222
fg5j-q5nk.csv,22054
2t32-hbca.csv,21745
2jg5-6hqv.csv,21687
dm9a-ab7w.csv,21502
kku6-nxdu.csv,20844
6bic-qvek.csv,20844
rear-wh5i.csv,20367
kevu-8hby.csv,19773
kswi-37bp.csv,19591
6kcb-9g8d.csv,19543
pqg4-dm6b.csv,18382
muvi-b6kx.csv,18350
kfrx-hgf8.csv,18084
hg8x-zxpr.csv,18083
8fwe-y7ui.csv,17897
69bm-3bc2.csv,17705
vc9v-wg6y.csv,17659
29ry-u5bf.csv,17498
ph7v-u5f3.csv,17477
w3c6-35wg.csv,17370
x5ra-hhdw.csv,17217
d28w-n2x4.csv,16981
ewg2-2vyd.csv,16680
u7tg-8kia.csv,16505
ud6j-d73w.csv,16438
jqy3-ybjq.csv,16378
66ry-raij.csv,16310
uv67-wxba.csv,16289
25aa-q86c.csv,16097
7yc5-fec2.csv,16015
qtw2-wfsy.csv,15902
vibf-3qrq.csv,15844
cuzb-dmcd.csv,15753
uu87-uz8m.csv,15700
qcdj-rwhu.csv,15584
yp6n-7jdy.csv,15456
uxt4-ugwr.csv,15368
kuxa-tauh.csv,15352
2x8v-d8nh.csv,15255
29bw-z7pj.csv,15229
hrsu-3w2q.csv,15133
ex44-ct2x.csv,15090
i6ky-n2wd.csv,15040
uvpi-gqnh.csv,14601
5kqf-fg3n.csv,14521
urvc-2kdr.csv,14519
hti8-xb6u.csv,14398
7scx-rfrp.csv,14392
kwte-dppd.csv,14155
9ddu-fvnv.csv,14048
u553-m549.csv,14024
9yid-w4y8.csv,14020
bdjm-n7q4.csv,13784
kfp4-dz4h.csv,13569
wye7-nyek.csv,13510
dze7-citg.csv,13414
a3nt-yts4.csv,13395
4e2n-s75z.csv,13300
g3vh-kbnw.csv,13169
yvxd-uipr.csv,13166
bvug-v3mm.csv,13142
tybm-5xnx.csv,13131
gsak-mt7t.csv,13028
myrx-addi.csv,12899
55yj-h64d.csv,12876
de3m-c5p4.csv,12872
nahe-je7c.csv,12838
nfkx-wd79.csv,12791
n3p6-zve2.csv,12653
h9gi-nx95.csv,12611
jz4z-kudi.csv,12544
tukx-dsca.csv,12354
kwvk-z7i9.csv,12225
8586-3zfm.csv,12217
dzgh-ja44.csv,12216
tvhc-4n5n.csv,12164
pra5-xxvj.csv,12083
bx2w-sb84.csv,12075
d54t-ywim.csv,12032
77d2-9ebr.csv,12010
pitm-atqc.csv,12004
inik-59jp.csv,11979
wfzh-2c94.csv,11838
ic3t-wcy2.csv,11809
qybk-bjjc.csv,11801
hyht-buiu.csv,11742
s52a-8aq6.csv,11715
6gzn-qtm3.csv,11673
pgun-i6u7.csv,11608
8wi4-bsy4.csv,11602
nie4-bv6q.csv,11535
w7w3-xahh.csv,11529
45j8-f6um.csv,11468
8m42-w767.csv,11446
82zj-84is.csv,11429
4jyz-6b7u.csv,11429
kybe-9iex.csv,11385
yjub-udmw.csv,11375
edk2-vkjh.csv,11375
7agf-bcsq.csv,11375
w76s-c5u4.csv,11328
qnjm-wvu5.csv,11274
bs8b-p36w.csv,11274
w9ak-ipjd.csv,11146
nb39-jx2v.csv,11127
4mfq-ds6b.csv,11122
kivi-tmb3.csv,11102
qd9w-yz23.csv,11074
9d6u-jzxb.csv,11046
76xm-jjuj.csv,11012
u4g8-wkku.csv,11001
8eq5-dtjb.csv,10902
8mzw-jfss.csv,10830
uvks-tn5n.csv,10734
utqd-4534.csv,10729
mifw-tguq.csv,10729
wvxf-dwi5.csv,10693
hafw-ruje.csv,10676
p4u2-3jgx.csv,10519
ajin-fesn.csv,10512
hm83-bdp7.csv,10298
khqi-x3p3.csv,10201
bquu-z2ht.csv,10198
mbd7-jfnc.csv,10142
4cga-5i5v.csv,10006
ihfw-zy9j.csv,10002
nwjy-fdec.csv,9992
uxsm-hzx3.csv,9978
gjm4-k24g.csv,9977
xsmd-g5j6.csv,9942
gt6r-wh7c.csv,9883
8zyi-kxay.csv,9711
44t3-dj6x.csv,9688
mrxp-4hmg.csv,9686
adax-9mit.csv,9677
x4sg-2jca.csv,9615
qgea-i56i.csv,9587
4snd-in5m.csv,9572
7uuj-b95m.csv,9568
833y-fsy8.csv,9550
kiyv-ks3f.csv,9537
xmmq-y7za.csv,9519
8bug-hj9w.csv,9504
57mv-nv28.csv,9485
g4tm-nibn.csv,9460
fnzt-d3f7.csv,9457
pf3n-zn2m.csv,9454
hv9n-xgy4.csv,9453
6khm-nrue.csv,9425
sv2w-rv3k.csv,9404
irg8-quqm.csv,9291
3qem-6v3v.csv,9280
5uac-w243.csv,9271
v57i-gtxb.csv,9261
gkgs-za6m.csv,9205
mv4k-y93f.csv,9189
h6af-x63h.csv,9165
pxfd-dpcz.csv,9163
69n5-r375.csv,9154
k5ta-2trh.csv,9151
hn5i-inap.csv,9151
gpwd-npar.csv,9132
vntq-qu86.csv,9125
qem4-8xtj.csv,9113
emuv-tx7t.csv,9026
dhs7-q59e.csv,9001
chv4-k4fa.csv,9001
436j-ja87.csv,8992
xfkn-vsp9.csv,8980
3f5t-9dqu.csv,8956
35ey-ieq4.csv,8936
v575-87iz.csv,8899
i37z-2ty9.csv,8794
y4fw-iqfr.csv,8739
mib5-bwqy.csv,8641
mdbu-nrqn.csv,8621
5ucz-vwe8.csv,8592
k63t-h76x.csv,8558
cqc8-am9x.csv,8526
hu6m-9cfi.csv,8522
wjvv-6yxq.csv,8506
vdbc-pyc9.csv,8498
fsmu-8tsy.csv,8470
6jad-5sav.csv,8460
7k5d-rk33.csv,8403
cwy2-px8b.csv,8359
w9ei-idxz.csv,8322
trm8-fqqz.csv,8291
erm2-nwe9.csv,8291
b9uf-7skp.csv,8277
psqs-brte.csv,8259
bme5-7ty4.csv,8245
cp6j-7bjj.csv,8238
c5d8-ajrd.csv,8236
wz6d-d3jb.csv,8161
xqbk-beh5.csv,8159
ufzp-rrqu.csv,8132
2pmj-y4p4.csv,8127
dbpt-pbmd.csv,8087
h426-x5gi.csv,8068
sibt-hnvk.csv,8059
xx92-6788.csv,8029
nyis-y4yr.csv,8000
7ej9-npzm.csv,7989
c72z-kzbi.csv,7972
8eux-rfe8.csv,7968
5dck-9m6g.csv,7966
qz5f-yx82.csv,7960
xck4-5xd5.csv,7938
ygfr-ij6t.csv,7912
if26-z6xq.csv,7907
7crd-d9xh.csv,7867
yuzm-c784.csv,7815
j55h-3upk.csv,7783
32cj-z7va.csv,7783
a4qt-mpr5.csv,7748
suzc-ps6g.csv,7736
ynau-kwze.csv,7726
ebkm-iyma.csv,7719
xy48-7s3d.csv,7700
tn5h-i3e8.csv,7696
8nqg-ia7v.csv,7678
qa4d-xc73.csv,7669
6wy6-6agj.csv,7668
wq7m-7i29.csv,7647
54rr-tdmz.csv,7636
57p3-pdcj.csv,7632
q5hp-72f8.csv,7628
zs4w-c9cd.csv,7599
wwhr-5ven.csv,7557
avsi-2fp7.csv,7556
evjd-dqpz.csv,7542
y8bm-tzs3.csv,7516
8vwk-6iz2.csv,7514
w3w9-rtaj.csv,7511
au8p-qz8c.csv,7511
8h9b-rp9u.csv,7506
hcir-3275.csv,7497
rqjq-29wc.csv,7475
uip8-fykc.csv,7458
qvdv-dru4.csv,7447
3tfu-x2qk.csv,7364
4n6u-rqyh.csv,7314
x4ai-kstz.csv,7312
i99z-ad8n.csv,7309
sbnd-xujn.csv,7300
hq56-zhrp.csv,7297
ty7c-8rmq.csv,7280
8isn-pgv3.csv,7214
bty7-2jhb.csv,7149
2s75-2b3b.csv,7149
96ay-ea4r.csv,7077
64gx-bycn.csv,7069
9h95-gife.csv,7062
rvih-nhyn.csv,7044
r2j4-rc64.csv,7044
vg63-xw6u.csv,7015
k3cd-yu9d.csv,6994
cfzn-4iza.csv,6967
bmhe-urrg.csv,6943
7gvw-m7zn.csv,6922
c3ya-2ywy.csv,6918
99br-frp6.csv,6917
m8nr-4ivu.csv,6913
q7r2-64fm.csv,6901
9sji-jws4.csv,6898
s4kf-3yrf.csv,6867
tgrn-h24f.csv,6865
43ab-v68i.csv,6862
hxm3-23vy.csv,6828
rzd6-qsmn.csv,6811
p937-wjvj.csv,6809
vrs9-g7kz.csv,6804
77u7-ptbn.csv,6804
ge9t-ywzs.csv,6799
emnd-d8ba.csv,6788
g8e6-y4ax.csv,6776
xeg2-veq2.csv,6767
n88k-5bs4.csv,6767
efzr-wfp2.csv,6767
a8si-arxu.csv,6767
4e9g-bgra.csv,6767
ac4n-c5re.csv,6751
bheb-sjfi.csv,6678
tkzt-zfpz.csv,6636
9btm-sxj3.csv,6615
wrhz-w8mn.csv,6611
q6p2-9srw.csv,6611
59kj-x8nc.csv,6600
8znf-7b2c.csv,6598
curu-ytnp.csv,6587
s9d3-x4fz.csv,6585
735p-zed8.csv,6585
2np7-5jsg.csv,6585
itd7-gx3g.csv,6580
p6h4-mpyy.csv,6556
tre2-h8i2.csv,6551
9wwd-tgzc.csv,6539
2gcj-p28u.csv,6539
vq35-j9qm.csv,6516
74ah-8ukf.csv,6510
ghpb-fpea.csv,6475
q974-2uuf.csv,6455
gbgg-xjuf.csv,6455
ahjc-fdu3.csv,6440
vpeq-ndkd.csv,6432
uedp-fegm.csv,6415
i4ni-6qin.csv,6413
yu9n-iqyk.csv,6407
eccv-9dzr.csv,6376
pknx-dgka.csv,6372
4edb-7rb7.csv,6372
pdpg-nn8i.csv,6364
9vgx-wa3i.csv,6354
uhw3-ky8e.csv,6352
yqkf-i7a4.csv,6328
exe6-f2vx.csv,6319
vxms-daea.csv,6296
ybcb-4665.csv,6295
gi8d-wdg5.csv,6288
q5mz-t52e.csv,6282
446w-773i.csv,6278
7u63-ib3x.csv,6274
37it-gmcp.csv,6271
tb8q-a3ar.csv,6260
phth-xf25.csv,6226
f3u3-q8ea.csv,6224
pnpe-ubtz.csv,6223
qves-4x9c.csv,6210
fxs2-faah.csv,6203
5ziv-wcy4.csv,6190
wshr-5vic.csv,6171
upii-frjc.csv,6171
sf92-v8wr.csv,6134
96te-xmyw.csv,6125
t29m-gskq.csv,6122
5npv-j6gn.csv,6116
5x3g-g8de.csv,6099
4pt5-3vv4.csv,6079
jufi-gzgp.csv,6050
easq-ubfe.csv,6043
np9k-hd4i.csv,6036
2qb3-8eu4.csv,6024
ji82-xba5.csv,6023
ut9y-2ptp.csv,6019
bnea-fu3k.csv,6013
8h5p-ccrz.csv,6008
q9xk-w9iv.csv,5993
gu76-8i7h.csv,5971
ckue-grzy.csv,5962
8gg9-r4mt.csv,5962
7jpv-q9e2.csv,5959
vrku-2kif.csv,5944
fbaw-uq4e.csv,5921
hq68-rnsi.csv,5915
xffd-vsgf.csv,5906
nyuc-6mit.csv,5901
rxpf-yca2.csv,5888
b59s-jsgk.csv,5887
9z9b-6hvk.csv,5887
mrxb-9w9v.csv,5884
uwyv-629c.csv,5855
m27t-ht3h.csv,5855
d68p-5js9.csv,5848
qfs9-xn8t.csv,5845
qy7q-cb9e.csv,5821
jdn9-td9w.csv,5816
kxp8-n2sj.csv,5811
m56g-jpua.csv,5795
s79c-jgrm.csv,5773
xuid-t5nk.csv,5755
w9cy-nnma.csv,5742
fbkk-n4e3.csv,5738
2232-dj5q.csv,5695
bbg6-wf44.csv,5692
jk35-yh5p.csv,5680
rjkp-yttg.csv,5673
kdm9-vp7d.csv,5666
2upf-qytp.csv,5645
iaig-3vs5.csv,5642
9cvd-uyw6.csv,5632
tesw-yqqr.csv,5625
bzxi-2tsw.csv,5623
2yzn-sicd.csv,5618
mu46-p9is.csv,5603
3mrr-8h5c.csv,5590
khci-nhn2.csv,5570
ma5g-2458.csv,5531
43qc-8vv8.csv,5500
apih-xnk4.csv,5493
sgjd-xi99.csv,5490
m6ad-jy3s.csv,5490
iz2q-9x8d.csv,5490
ncre-qhxs.csv,5487
wed3-5i35.csv,5479
vgmz-py3h.csv,5477
thxi-frp3.csv,5475
n9yn-6q3f.csv,5475
yhdx-itry.csv,5457
e6t3-7z92.csv,5436
csps-2ne9.csv,5433
cbrh-qrk4.csv,5423
jp5w-5njc.csv,5404
jt7v-77mi.csv,5402
qkpp-pbi8.csv,5369
p3r6-jdne.csv,5361
pjwi-qd2x.csv,5353
hpid-63r5.csv,5348
2bsr-c6qq.csv,5332
q5x3-7piv.csv,5303
jup5-7fik.csv,5291
vh2h-md7a.csv,5281
kgzj-pjna.csv,5281
niy5-4j7q.csv,5277
i6bk-bwyv.csv,5266
799n-b76v.csv,5266
cma4-zi8m.csv,5251
3kav-a6u5.csv,5246
hy4q-igkk.csv,5245
huq7-iui5.csv,5245
sfvr-tcdy.csv,5239
esep-hmvs.csv,5219
kha6-7i9i.csv,5212
kmix-7hhj.csv,5207
gcvr-n8qw.csv,5202
sk7w-byju.csv,5198
56u9-ryj4.csv,5189
9n6h-pt9g.csv,5162
a6nj-cfbz.csv,5153
xx4a-msrm.csv,5151
cgwq-3ie6.csv,5142
p2d7-vcsb.csv,5125
2mvk-c2ha.csv,5122
eyb2-p5s8.csv,5117
8gpu-s594.csv,5109
vimb-anc6.csv,5092
8vgb-zm6e.csv,5077
3ub5-4ph8.csv,5075
scjj-6yaf.csv,5072
ehji-3xy2.csv,5062
qm5f-frjb.csv,5052
gsjx-zx9n.csv,5048
vfnx-vebw.csv,5040
su44-8gcn.csv,5030
augs-s4dd.csv,5029
2nwg-uqyg.csv,5028
sxmw-f24h.csv,5024
k5k6-6jex.csv,5023
gkd7-3vk7.csv,5008
5gj9-2kzx.csv,4963
2bnn-yakx.csv,4951
3btx-p4av.csv,4946
97zg-4p9t.csv,4929
bbs3-q5us.csv,4926
e9xc-u3ds.csv,4923
22rr-ujq3.csv,4919
nvgj-hbht.csv,4916
i8ys-e4pm.csv,4915
jxyc-rxiv.csv,4911
kj4p-ruqc.csv,4902
w7fs-fd9i.csv,4870
pgtq-ht5f.csv,4843
sv7x-dduq.csv,4837
y9si-s7ab.csv,4831
fudw-fgrp.csv,4819
urz7-pzb3.csv,4812
6z8x-wfk4.csv,4784
8b9a-pywy.csv,4780
utu8-j8sk.csv,4777
hvrh-b6nb.csv,4776
pkmi-4kfn.csv,4768
biws-g3hs.csv,4755
9a87-6m4x.csv,4753
ajgi-hpq9.csv,4742
7jzh-b7rq.csv,4735
e98g-f8hy.csv,4701
956m-xy24.csv,4698
6rg9-pfbz.csv,4698
i8qp-5mwu.csv,4692
fn4k-qyk2.csv,4684
rfu7-paqe.csv,4677
eyk3-bhe9.csv,4667
nhak-36my.csv,4658
b4dv-8mq4.csv,4642
2ic6-4hrf.csv,4634
4e3j-75af.csv,4615
3xsw-bpuy.csv,4613
47g8-ngxw.csv,4605
8p6c-94pc.csv,4601
wycc-5aqt.csv,4595
mf9g-zhbw.csv,4591
cspg-yi7g.csv,4584
fmf3-knd8.csv,4562
h3qk-ybvt.csv,4542
43nn-pn8j.csv,4542
8s5k-n45n.csv,4541
f3st-eexa.csv,4525
kyvb-rbwd.csv,4524
ukdt-xm28.csv,4505
n6c5-95xh.csv,4498
ymhw-9cz9.csv,4482
4bew-e6kg.csv,4482
f7b6-v6v3.csv,4481
x4ud-jhxu.csv,4478
sybh-s59s.csv,4477
9n2i-9h9s.csv,4474
pzt3-tne9.csv,4473
6wcu-cfa3.csv,4469
kvfd-bves.csv,4463
ad4c-mphb.csv,4456
6rrm-vxj9.csv,4444
72r6-mtgs.csv,4442
g6v2-wcvk.csv,4440
fp78-wt5b.csv,4436
n8p9-7jxp.csv,4435
4jus-39vu.csv,4421
xw3j-2yxf.csv,4416
un8d-rbed.csv,4409
zmut-au2w.csv,4388
rcd4-qkns.csv,4383
kr87-pum9.csv,4381
qrb4-aqtx.csv,4367
h65x-gk9r.csv,4363
7k2e-ht2j.csv,4362
p8i7-ix2s.csv,4359
dsg6-ifza.csv,4346
ia9u-k3t3.csv,4343
fijd-wye8.csv,4337
83z6-smyr.csv,4303
dvzp-h4k9.csv,4296
uk7t-q4s9.csv,4280
ge3f-inui.csv,4278
cgcg-w2ys.csv,4277
e2sz-2mmc.csv,4276
5694-9szk.csv,4271
pu45-qynj.csv,4267
tzwr-vksx.csv,4254
wtqm-fd2z.csv,4245
ptkq-bbd4.csv,4238
ipu4-2q9a.csv,4223
9jgj-bmct.csv,4221
b22r-9izv.csv,4207
ikqj-pyhc.csv,4206
8iee-pzu6.csv,4198
qiyv-ty5u.csv,4197
by8q-dp62.csv,4191
frre-6z6q.csv,4189
s6qk-qkvb.csv,4175
g76y-dcqj.csv,4174
2bef-phhy.csv,4170
c3kh-heyp.csv,4148
43je-8syt.csv,4146
7c8x-xds8.csv,4141
edx9-hxi8.csv,4114
4ynn-w9fk.csv,4107
w5ew-m3sm.csv,4106
2etw-ycbc.csv,4093
p7t3-5i9s.csv,4078
752y-qk8b.csv,4070
tm6d-hbzd.csv,4066
xx2p-4jnq.csv,4063
urzf-q2g5.csv,4061
adw8-wvxb.csv,4044
ghgh-2vas.csv,4041
ymyu-3dbp.csv,4037
9mjx-v8ip.csv,4037
bnx9-e6tj.csv,4033
fju2-rdad.csv,4028
2jvr-j6ne.csv,4023
7a57-qgkz.csv,4019
867j-5pgi.csv,4008
8xub-9477.csv,4006
mhpm-4ekb.csv,3992
3279-pp7v.csv,3985
kwmq-dbub.csv,3983
aiww-p3af.csv,3980
ec4f-sy8r.csv,3958
3cyv-4ghv.csv,3952
2vha-97jm.csv,3950
kiv2-tbus.csv,3945
9n9z-hh9p.csv,3929
usep-8jbt.csv,3922
iwdd-99mu.csv,3922
k3qa-jvkc.csv,3899
wr2n-ag8h.csv,3896
sqcr-6mww.csv,3896
e7es-jx5j.csv,3893
8532-9v5k.csv,3888
2bmr-jdsv.csv,3881
exsg-kpya.csv,3879
faiq-9dfq.csv,3875
vxah-4hdw.csv,3870
a5td-mswe.csv,3865
xubg-57si.csv,3840
i3a3-qxkf.csv,3830
64pa-8bza.csv,3827
3wfy-sn5g.csv,3826
vhah-kvpj.csv,3815
pkhy-wwga.csv,3812
kybr-br4u.csv,3802
56u5-n9sa.csv,3799
y3hw-z6bm.csv,3797
dggd-3jfu.csv,3796
3spy-rjpw.csv,3795
bzs3-dh33.csv,3793
qxzj-vkn2.csv,3792
scjx-j6np.csv,3786
xirx-msjc.csv,3776
ubdi-jgw2.csv,3776
785g-7qf7.csv,3776
4kpn-sezh.csv,3767
d3ge-anaz.csv,3766
8ufi-zgz6.csv,3756
6kks-jijx.csv,3736
hg3c-2jsy.csv,3726
fuhs-xmg2.csv,3720
mpbx-6c9k.csv,3713
gyjk-fbss.csv,3706
vacq-ce69.csv,3686
c284-tqph.csv,3682
73bd-vkmx.csv,3663
crbs-vur7.csv,3662
acd4-wkax.csv,3661
6wee-b7wf.csv,3659
9ck8-hj3u.csv,3657
c5ft-upv9.csv,3648
ewhs-k7um.csv,3642
ebu5-jrfz.csv,3631
kewp-r7r7.csv,3625
62mr-ukqs.csv,3617
w2pb-icbu.csv,3614
uzcy-9puk.csv,3613
m3fi-rt3k.csv,3610
thjb-fm53.csv,3602
3rfa-3xsf.csv,3597
is5y-7g3y.csv,3595
242c-ru4i.csv,3586
s7yh-frbm.csv,3584
9f5k-vxxv.csv,3580
ivix-m77e.csv,3574
xn3r-zk6y.csv,3563
g2j4-eudg.csv,3563
gez6-674h.csv,3552
ju3b-rwpy.csv,3550
tvfr-dhen.csv,3537
szq8-b4uy.csv,3529
mmvm-mvi3.csv,3528
bqiq-cu78.csv,3520
kkng-ugna.csv,3519
cbfr-z7aj.csv,3519
cera-vfws.csv,3511
hyur-qpyf.csv,3500
2dzy-e7cu.csv,3499
yz7z-iupz.csv,3494
9hyh-zkx9.csv,3487
dsif-42wj.csv,3482
49kg-8sce.csv,3477
ck4n-5h6x.csv,3473
h2mm-eazk.csv,3471
qmc5-z72r.csv,3465
5a8g-vpdd.csv,3451
9cz6-8qpz.csv,3446
acek-a5z6.csv,3439
ibip-ftv5.csv,3437
h5j6-bv4u.csv,3432
5uei-swth.csv,3432
m59i-mqex.csv,3419
f9tw-8p66.csv,3419
hpzm-w4pt.csv,3416
urc8-8bjy.csv,3411
f42p-xqaa.csv,3408
53m8-jdtg.csv,3405
uxsz-6j5j.csv,3394
4cjm-3vyv.csv,3389
irhv-jqz7.csv,3381
rq2f-42ua.csv,3371
vza7-n6vi.csv,3367
s3zn-tf7c.csv,3367
sgxc-mnpk.csv,3363
8dhd-zvi6.csv,3360
vyxt-abab.csv,3350
tyfh-9h2y.csv,3343
kpjg-ubxi.csv,3336
mtt6-ywt4.csv,3333
xyq2-jjkn.csv,3329
egnf-uyp9.csv,3328
q2ni-ztsb.csv,3327
4dx7-axux.csv,3327
6pv9-jmn5.csv,3326
ez4e-fazm.csv,3325
4axi-di9c.csv,3322
qphc-zrtc.csv,3312
cr93-x2xf.csv,3310
vqix-8bak.csv,3308
jign-uhe6.csv,3308
jtus-srrj.csv,3296
5x8i-3c5b.csv,3296
buk3-3qpr.csv,3291
arzb-yfdv.csv,3270
s27g-2w3u.csv,3263
35sw-rdxj.csv,3262
siju-6isf.csv,3260
yg3y-7juh.csv,3257
ujnu-3rei.csv,3255
bm9v-cvch.csv,3253
vmbc-b9fa.csv,3236
5fn4-dr26.csv,3236
8kic-uvpz.csv,3233
xrwg-eczf.csv,3225
wr4r-bue7.csv,3225
udss-6pus.csv,3225
dpm2-m9mq.csv,3223
eukp-v77b.csv,3220
pvqr-7yc4.csv,3213
6je4-4x7e.csv,3212
8vqd-3345.csv,3210
33c5-b922.csv,3209
tg3t-nh4h.csv,3193
qjvp-rnsx.csv,3191
4p3u-pfnp.csv,3186
ej9h-v6g2.csv,3182
tphr-wtjd.csv,3174
r8mb-budb.csv,3164
twu4-tp2g.csv,3161
km68-5z64.csv,3161
ccgt-mp8e.csv,3161
mq6n-s45c.csv,3160
ducj-28wv.csv,3143
pc34-d3sx.csv,3142
f5cd-6fbs.csv,3136
narn-kyx4.csv,3122
ci93-uc8s.csv,3117
k65y-fzgq.csv,3097
a8wp-rerh.csv,3097
bss9-579f.csv,3096
m3tj-a2pb.csv,3095
k8hv-44tq.csv,3095
9rz4-mjek.csv,3091
s7cx-86ha.csv,3089
rsnd-bbih.csv,3088
tqtj-sjs8.csv,3085
r9z2-6j3f.csv,3078
jz44-s3dt.csv,3071
h922-d8e5.csv,3071
cm6g-t7ye.csv,3070
w6yt-hctp.csv,3068
va74-3m6c.csv,3065
szgz-ysuz.csv,3064
87fx-28ei.csv,3061
p5v2-fwzn.csv,3060
i2y3-sx2e.csv,3058
4hiy-398i.csv,3039
wavz-fkw8.csv,3038
yunp-vs8g.csv,3024
3kx3-7svp.csv,3019
d4iy-9uh7.csv,2990
9rxf-re6u.csv,2990
eevf-vb98.csv,2974
cz36-mpdq.csv,2973
3gkd-ddzn.csv,2973
pvwn-aqw2.csv,2968
ucdy-byxd.csv,2965
a35y-93e7.csv,2963
c38p-gtif.csv,2957
5mw2-hzqx.csv,2951
nk7g-qeep.csv,2949
qvir-knu3.csv,2947
ffnc-f3aa.csv,2947
4n2j-ut8i.csv,2947
52b4-grs5.csv,2945
32yu-maz2.csv,2934
4tdt-h5f6.csv,2933
t8hj-ruu2.csv,2927
68k5-hdzw.csv,2927
3pge-73vq.csv,2925
cvh6-nmyi.csv,2919
weaz-wxw9.csv,2915
upwt-zvh3.csv,2915
756x-9djt.csv,2915
e544-259w.csv,2914
mi4r-ama5.csv,2913
enfh-gkve.csv,2895
crc3-tcnm.csv,2888
hc8x-tcnd.csv,2887
4k4u-823g.csv,2882
bf74-7bnx.csv,2871
4zkm-p9aw.csv,2870
3qfc-4tta.csv,2866
xqea-6ihi.csv,2842
v4se-2t5p.csv,2838
xkuq-9uzf.csv,2834
p373-rwkn.csv,2834
bug8-9f3g.csv,2830
ynaw-bmnm.csv,2828
yrf7-4wry.csv,2824
vz8c-29aj.csv,2823
yig9-9zum.csv,2822
nhms-9u6g.csv,2820
922w-z7da.csv,2812
vvj6-d5qx.csv,2810
gahm-hu5h.csv,2810
63bz-5n3b.csv,2809
gk83-aa6y.csv,2808
pd5h-92mc.csv,2806
rn6p-xvjd.csv,2804
pyif-r8qe.csv,2802
ecej-79ys.csv,2802
dt2z-amuf.csv,2800
n2rw-tynt.csv,2798
ci36-d7ea.csv,2793
5e9h-x6ak.csv,2792
ys48-9d3c.csv,2789
xc44-2jrh.csv,2784
herb-qubg.csv,2779
rbx6-tga4.csv,2772
tmr6-dfvn.csv,2770
dj4e-3xrn.csv,2769
cwx7-agsh.csv,2769
yg8h-c8c7.csv,2765
mz5e-yub2.csv,2763
xne4-4v8f.csv,2758
uzmq-2khh.csv,2758
mjux-q9d4.csv,2758
k2zg-756q.csv,2758
hvwa-bi3h.csv,2758
hdpu-mku8.csv,2752
8ecp-kw89.csv,2752
bray-s6dc.csv,2748
xphq-immx.csv,2747
rrd7-vuvp.csv,2747
p78i-pat6.csv,2746
gmhi-8qzt.csv,2746
6x2x-mkuy.csv,2741
ytju-73hj.csv,2732
fjb8-yxzv.csv,2731
8zxg-9a5c.csv,2731
dw8c-pxy2.csv,2730
usap-qc7e.csv,2725
f4rp-2kvy.csv,2724
dfwh-7sqg.csv,2722
8ujr-b4gc.csv,2712
u2su-gdc2.csv,2705
8ess-ssnw.csv,2702
82rt-zc4y.csv,2702
fc53-9hrv.csv,2701
e34y-fjmv.csv,2700
3miu-myq2.csv,2700
4twk-9yq2.csv,2698
d83i-6us7.csv,2694
r4s5-tb2g.csv,2689
6yc2-gsz6.csv,2689
j7nh-487d.csv,2684
gfej-by6h.csv,2684
yhfh-vyns.csv,2677
mrnf-ezdm.csv,2677
7pi4-r8u2.csv,2674
8sdw-8vja.csv,2672
byvd-5eau.csv,2663
5kru-rjmf.csv,2661
cgz5-877h.csv,2652
ykvb-493p.csv,2649
85ty-ti6v.csv,2643
xs9p-92b3.csv,2639
tnry-kwh5.csv,2639
ffzt-rdkr.csv,2635
f4yq-wry5.csv,2635
4wgu-f3yf.csv,2629
9nyh-gsuu.csv,2624
4j29-i5ry.csv,2624
8z5h-tzdr.csv,2622
ms66-xjfq.csv,2618
tn4g-ski5.csv,2612
kyad-zm4j.csv,2612
ke6f-vhnd.csv,2604
j39j-zq32.csv,2601
4yue-vjfc.csv,2597
5qza-frfc.csv,2596
5ghg-dyn6.csv,2595
a5nd-6mit.csv,2592
wmi7-dkwa.csv,2591
9k82-ys7w.csv,2590
4ynw-b9aj.csv,2589
fi8f-t673.csv,2588
9ck6-2jew.csv,2583
87y3-sqsx.csv,2583
fk8w-iymp.csv,2580
8fei-z6rz.csv,2580
kyz5-72x5.csv,2574
htkc-b6ea.csv,2559
wssh-seqa.csv,2556
gaq9-z3hz.csv,2554
nenq-ccpd.csv,2553
6gre-fvg9.csv,2552
ft5g-idx8.csv,2547
ykx2-pdw8.csv,2546
qmh3-uvgq.csv,2546
cwg5-cqkm.csv,2546
g4zf-s85y.csv,2543
tbvj-mbps.csv,2530
pfn4-vjwr.csv,2529
2fra-mtpn.csv,2527
qpm9-j523.csv,2526
6ypq-ih9a.csv,2526
wmn9-zjsc.csv,2525
gdpi-hegk.csv,2520
ebb7-mvp5.csv,2518
7yig-nj52.csv,2514
dbdt-5s7j.csv,2501
vfdq-dvkf.csv,2489
ay9k-vznm.csv,2487
rmv8-86p4.csv,2480
davn-rbxj.csv,2479
phqd-xav8.csv,2474
5w2t-dbac.csv,2471
nwrb-z58j.csv,2461
d7b6-byut.csv,2457
2emc-na4n.csv,2456
k9j2-dgak.csv,2450
b9e9-2we4.csv,2448
9s68-zggy.csv,2442
c4p6-rvjs.csv,2438
4hbx-ab3c.csv,2438
2v9c-2k7f.csv,2429
a2pm-dj2w.csv,2428
ge8j-uqbf.csv,2416
pbc8-mmb4.csv,2413
qbce-2kcu.csv,2405
wf9c-gupx.csv,2384
scfi-iv96.csv,2373
5uug-f49n.csv,2358
f55k-p6yu.csv,2357
xfsg-qhaw.csv,2352
uvw5-9znb.csv,2350
gyaz-82xj.csv,2349
fdkv-4t4z.csv,2347
ykru-djh7.csv,2344
yjxr-fw8i.csv,2337
mrey-ykjt.csv,2337
6smc-7mk6.csv,2337
yj3u-pw36.csv,2332
q5u8-89nv.csv,2329
27h8-t3wt.csv,2323
4fcz-jias.csv,2319
7hpk-8zed.csv,2314
xy5n-i6mb.csv,2309
n8b9-ghux.csv,2309
wv4q-e75v.csv,2305
ujsc-un6m.csv,2303
a5qt-5jpu.csv,2303
yqky-aebb.csv,2288
ub9e-s7ai.csv,2286
9nt8-h7nd.csv,2284
bvju-796s.csv,2276
tbgj-tdd6.csv,2265
k84j-firu.csv,2256
8h5j-fqxa.csv,2253
cvys-e4b6.csv,2250
4g4r-7dfb.csv,2242
v2kq-qrx6.csv,2241
bvna-6j7v.csv,2241
qfk7-6ens.csv,2239
wymh-dvmd.csv,2236
x2s6-6d2j.csv,2228
qtrj-g3nm.csv,2226
c5vm-g2dk.csv,2222
pe54-wf39.csv,2221
qrz6-23fw.csv,2218
xxjs-y9yk.csv,2217
yahh-6yjc.csv,2211
xjur-zbxw.csv,2210
72ss-25qh.csv,2209
2bs8-z87y.csv,2208
smn3-rzf9.csv,2197
f72e-3i4c.csv,2196
9f25-223x.csv,2191
eu48-ehkz.csv,2190
afsf-hz68.csv,2178
atne-2dki.csv,2174
25th-nujf.csv,2174
tfbb-gszk.csv,2169
vzcf-ypyz.csv,2161
myei-c3fa.csv,2149
5fn2-n363.csv,2149
fuvx-wqd7.csv,2144
veav-vj3r.csv,2143
ruce-cnp6.csv,2141
i6ds-scnc.csv,2135
4fnu-iufz.csv,2133
rghe-gkg2.csv,2132
8as3-nzhd.csv,2132
ud4g-9x9z.csv,2128
tcj7-bhry.csv,2117
e25p-jzfy.csv,2117
5hjv-bjbv.csv,2116
g5gn-bmye.csv,2115
jkyj-m87c.csv,2105
tiwv-ukz3.csv,2100
9tg9-e2ph.csv,2096
vuae-w6cg.csv,2095
dp2s-vccd.csv,2089
sas9-vd86.csv,2078
8i9k-4gi5.csv,2078
5ebm-myj7.csv,2062
t5w8-y8xf.csv,2058
rqhp-hivt.csv,2058
npnk-wrj8.csv,2057
xsd9-52hv.csv,2055
vv3n-5y3z.csv,2053
8wbx-tsch.csv,2049
pgrs-2cjd.csv,2048
q7ra-ebu4.csv,2044
xi7c-iiu2.csv,2043
9ay9-xkek.csv,2042
ctq9-j8y9.csv,2041
tsak-vtv3.csv,2040
52dp-yji6.csv,2039
xeg4-ic28.csv,2036
wg9x-4ke6.csv,2025
jxs5-ygaz.csv,2019
bztk-4g6r.csv,2007
j7tw-gms7.csv,2005
g3xg-qtbc.csv,2005
mcti-yg8i.csv,2002
n55z-cx8y.csv,1997
29km-avyc.csv,1990
9d9t-bmk7.csv,1982
qiwj-eg47.csv,1976
98b7-th5j.csv,1971
pjgc-h7uv.csv,1968
fpv2-r9br.csv,1962
a94k-kjys.csv,1962
i9pf-sj7c.csv,1949
yhuu-4pt3.csv,1946
i4kb-6ab6.csv,1943
weh8-3ujf.csv,1935
n7ta-pz8k.csv,1929
gi3h-3i8t.csv,1926
f4zj-z3db.csv,1923
276h-y36a.csv,1923
nre2-6m2s.csv,1922
uqgd-pt5w.csv,1921
3w89-mz4u.csv,1921
7yda-ws2j.csv,1915
swsf-ed7j.csv,1914
kh3d-xhq7.csv,1914
97nd-ff3i.csv,1911
uetw-jfrg.csv,1904
d7da-9deh.csv,1900
7xq6-k6zy.csv,1900
9vaq-mvvx.csv,1898
7h99-xsqt.csv,1889
ddpx-u5dz.csv,1887
k4nw-2tdw.csv,1884
78sn-deuh.csv,1877
wbtw-zkex.csv,1874
vk6p-jwjf.csv,1874
ecvp-uumu.csv,1874
7yq2-hq9c.csv,1870
ur7y-ziyb.csv,1867
it9k-rtx5.csv,1867
kpav-sd4t.csv,1863
izav-3bhy.csv,1858
6bgk-3dad.csv,1855
tavr-zknk.csv,1853
5hsa-dfq5.csv,1852
9bjg-n96a.csv,1850
4j6i-9rmr.csv,1846
5e8d-k9md.csv,1845
i6ju-7fj4.csv,1844
bawj-6bgn.csv,1843
8ev8-jjxq.csv,1839
5tdj-xqd5.csv,1838
4i4x-egcq.csv,1837
qxbt-vysj.csv,1830
ncbg-6agr.csv,1830
uczf-rk3c.csv,1826
drss-6xix.csv,1820
qf92-qkjm.csv,1818
cpcm-i88g.csv,1813
27x4-cbi6.csv,1811
icps-nwdu.csv,1808
bi53-yph3.csv,1806
ezaf-3uhs.csv,1805
ydkf-mpxb.csv,1803
knr6-vurn.csv,1802
sp4a-vevi.csv,1800
fd95-5ihz.csv,1799
fq9e-fd84.csv,1798
2hrw-qfsu.csv,1783
268n-a7em.csv,1782
sefr-5pmx.csv,1772
nurr-mhyi.csv,1772
pjwn-nnx8.csv,1769
p39r-nm7f.csv,1769
dhgx-p2ue.csv,1767
bwx8-3rf4.csv,1766
3pzk-fyqp.csv,1763
bm4k-52h4.csv,1762
avcv-kcyf.csv,1762
ii2w-6fne.csv,1758
shpd-5q9m.csv,1755
kfgh-h6re.csv,1755
9hxz-c2kj.csv,1747
pd6g-yghw.csv,1740
aa5e-digs.csv,1737
xjcm-e5uy.csv,1736
dxnu-p2qd.csv,1735
89bd-raqa.csv,1729
a345-26ab.csv,1726
ypm7-drwf.csv,1720
fx4z-5xg2.csv,1717
i3ez-z58g.csv,1711
fi97-k4k6.csv,1709
hiik-hmf3.csv,1708
cmni-fvnx.csv,1706
bd8j-m46a.csv,1703
rcf4-4vq6.csv,1701
vn4m-mk4t.csv,1695
wspa-cuqk.csv,1687
qdq3-9eqn.csv,1687
mqk5-vp9c.csv,1687
2anc-iydk.csv,1683
reri-chf8.csv,1682
6irv-e4ks.csv,1682
grbs-nm2g.csv,1681
4tnw-tspg.csv,1679
xqx4-kdvp.csv,1674
sjpy-4cc9.csv,1674
ssq6-fkht.csv,1669
de8q-estm.csv,1669
it56-eyq4.csv,1668
p8e4-uwuv.csv,1665
395v-hkhg.csv,1665
5brf-q9de.csv,1664
xp25-gxux.csv,1661
nk42-j6hc.csv,1658
fzv4-jan3.csv,1658
fm6n-5jvy.csv,1658
ibs4-k445.csv,1648
wxhr-qbhz.csv,1647
qj2z-ibhs.csv,1636
wpqj-3buw.csv,1635
ub9z-gccp.csv,1631
xni9-ncns.csv,1627
jcih-dj9q.csv,1627
9b8z-mk7h.csv,1626
46g3-savk.csv,1621
a5ub-y4r4.csv,1612
g7pj-iz7m.csv,1610
5f9p-h9ar.csv,1610
3y5p-x48f.csv,1610
eg75-mh9k.csv,1608
by6m-6zpb.csv,1608
87b8-3t9t.csv,1608
caav-grv8.csv,1606
q7yn-jhqw.csv,1605
s5q4-7ezf.csv,1604
x3bb-kg5j.csv,1602
t4re-ksn6.csv,1595
idfb-y78n.csv,1592
nu7n-tubp.csv,1590
kjey-zuvr.csv,1589
d6ee-k2sh.csv,1589
5ps9-yuef.csv,1589
k8hv-56d7.csv,1584
87hk-978a.csv,1584
73qb-dcc3.csv,1584
ihup-vdhf.csv,1580
7ffu-t6bw.csv,1580
xggi-kgx9.csv,1573
8vbp-qzz2.csv,1571
ertz-hr4r.csv,1570
pwkr-dpni.csv,1567
7s3q-rztu.csv,1551
szkz-syh6.csv,1544
kw9y-h36n.csv,1541
fgq8-am2v.csv,1541
mse5-qs8i.csv,1538
uep6-mri2.csv,1534
a6bb-tgvr.csv,1533
bkui-39n8.csv,1529
fzwc-6vqf.csv,1526
uqqa-hym2.csv,1520
n5xc-7jfa.csv,1517
xefy-6ent.csv,1513
ugc2-6t2g.csv,1513
hdu7-ujt4.csv,1513
5qbe-4vqd.csv,1510
tngj-drbu.csv,1509
qf2u-z2br.csv,1509
cvse-perd.csv,1503
9b9u-8989.csv,1499
wha7-46h5.csv,1498
fqcv-e9sg.csv,1496
yayv-apxh.csv,1494
63nx-cpi9.csv,1490
fzh2-sxib.csv,1489
crns-fw6u.csv,1489
tph5-57et.csv,1487
fuzi-5ks9.csv,1482
a6zp-tcs3.csv,1468
9b3x-yz6y.csv,1468
3955-c36a.csv,1468
4qii-5cz9.csv,1463
vwxi-2r5k.csv,1449
3c9q-94ad.csv,1449
5fsv-ze7v.csv,1439
fsjc-9fyh.csv,1438
w5y2-8cs3.csv,1433
e3qr-idgg.csv,1433
jzhd-m6uv.csv,1431
6thv-9wgt.csv,1431
2pg3-gcaa.csv,1428
ny8v-zzzb.csv,1426
dg92-zbpx.csv,1426
b9km-gdpy.csv,1421
xzj8-i3jk.csv,1415
p6bh-gqsg.csv,1402
nuxu-5fjs.csv,1402
8te3-bhtv.csv,1402
7iqz-npua.csv,1402
6eti-k994.csv,1402
xhvt-s4va.csv,1401
ptev-4hud.csv,1401
7479-ugqb.csv,1401
aizm-q3sx.csv,1394
3aka-ggej.csv,1391
k5d2-tkrr.csv,1390
x7pf-vzed.csv,1385
mumm-6t9n.csv,1385
engv-gkbr.csv,1385
2zdm-jpub.csv,1385
bzjf-rmtp.csv,1384
y9b6-624z.csv,1383
iz3u-6yhq.csv,1383
yrnt-txti.csv,1379
gf36-w2jr.csv,1379
dtfq-bfpc.csv,1379
qta3-sq5k.csv,1375
5hiy-kwc2.csv,1374
x882-mwt5.csv,1373
i296-73x5.csv,1370
cnnp-j87w.csv,1367
2ay5-tqqe.csv,1367
m9yq-6n44.csv,1363
emcq-k42b.csv,1362
nc67-uf89.csv,1355
f5zq-eacn.csv,1355
m2z7-dx25.csv,1354
bk7g-bhsz.csv,1352
vrn4-2abs.csv,1348
ftpm-ey3k.csv,1346
yibg-6r2q.csv,1344
k9g3-nkxz.csv,1344
q9mx-gjyn.csv,1339
48ka-f6z6.csv,1339
36hn-wea6.csv,1339
yizy-365y.csv,1338
3wxk-qa8q.csv,1338
kz72-dump.csv,1335
ek5y-zcyf.csv,1335
ayeb-p4mv.csv,1335
af2s-4k4p.csv,1330
6zvj-sek6.csv,1330
6anw-twe4.csv,1327
vww9-qguh.csv,1325
rhtj-vttz.csv,1325
pffu-gbfi.csv,1325
kt29-ab5k.csv,1324
rps4-dwwk.csv,1323
ugzk-a6x4.csv,1321
uiay-nctu.csv,1317
zpd4-gad8.csv,1315
5c5x-3qz9.csv,1315
g62n-cz6a.csv,1310
7vy4-ats6.csv,1310
3r2x-bnmj.csv,1306
2eq2-trdu.csv,1306
dv8j-yjt9.csv,1304
xt7f-mv4x.csv,1296
k5xr-vi4c.csv,1295
puec-8mer.csv,1291
kjxa-7ccf.csv,1291
wzur-rhz9.csv,1289
jn5i-2dcb.csv,1288
tc6u-8rnp.csv,1286
utrx-wxe8.csv,1284
ajxm-kzmj.csv,1283
r465-fr2q.csv,1277
8jzu-ady5.csv,1277
pnbs-aynd.csv,1276
vtjm-ngnu.csv,1274
ntbr-wib6.csv,1271
knq4-3kz9.csv,1269
29fb-fum8.csv,1267
a2nx-4u46.csv,1263
6v28-b75u.csv,1261
3fes-huds.csv,1261
w49t-5gha.csv,1257
k4xi-fxp5.csv,1257
9p4w-7npp.csv,1256
39qw-754y.csv,1255
knnv-cidk.csv,1251
hcf7-jp2y.csv,1249
vpdq-ktpr.csv,1246
mwzb-yiwb.csv,1244
as69-ew8f.csv,1244
jphp-xt7k.csv,1242
95u9-kyyu.csv,1241
a2nf-cvfm.csv,1239
vn2t-jh2b.csv,1237
vspn-8tzq.csv,1232
vfk9-3uwk.csv,1229
d4mz-3bq9.csv,1229
4kse-vfnd.csv,1229
dy27-rrad.csv,1228
8hgr-brxd.csv,1227
2pmt-skyq.csv,1227
kydh-ijhc.csv,1226
h3zm-ta5h.csv,1225
h5de-ndty.csv,1223
jstn-jaut.csv,1222
42et-jh9v.csv,1222
xkkx-md5q.csv,1214
f5mc-f3zp.csv,1212
qyyg-4tf5.csv,1208
3y4p-uusw.csv,1208
yiet-hu2w.csv,1204
aht6-vxai.csv,1204
akzx-fghb.csv,1202
uhbp-tz4s.csv,1197
cwmx-mvra.csv,1197
vf4p-p8ui.csv,1195
g9jx-npbk.csv,1195
icbf-663g.csv,1191
uebm-cmjr.csv,1186
qsxn-jchj.csv,1186
n7gv-k5yt.csv,1186
2ewp-sa7t.csv,1186
bjmk-35w5.csv,1185
msid-end4.csv,1180
k5ws-xbkn.csv,1180
mi8r-ff2q.csv,1177
hjae-yuav.csv,1175
kuw6-zcm2.csv,1172
guiy-frxt.csv,1172
s9xf-ztqu.csv,1170
6fi9-q3ta.csv,1170
kwxj-h5ji.csv,1166
pdiy-9ae5.csv,1161
a8rp-fpnn.csv,1154
xuij-x4t4.csv,1150
qjx7-9mep.csv,1150
vjbm-hsyr.csv,1149
wvts-6tdf.csv,1144
rsgh-akpg.csv,1137
sp7n-275u.csv,1130
veqt-eu3t.csv,1129
wn79-er9p.csv,1128
ex6k-ym48.csv,1128
3h2n-5cm9.csv,1126
je36-bj3z.csv,1121
ca93-s2tg.csv,1114
k397-673e.csv,1110
66be-66yr.csv,1109
gxt2-i5qe.csv,1108
x9wy-ing4.csv,1106
xs6e-ka4w.csv,1104
tjus-cn27.csv,1101
avhb-5jhc.csv,1099
2vr2-vcvz.csv,1098
bhwu-wuzu.csv,1094
fpxc-zjtm.csv,1089
nbun-a9vi.csv,1084
viin-czfn.csv,1083
u35m-9t32.csv,1079
paab-n3s5.csv,1078
g63j-swsd.csv,1074
gyrw-gvqc.csv,1069
mqdy-gu73.csv,1068
5psr-sp96.csv,1066
7ynj-zrfs.csv,1062
cete-9g3v.csv,1061
u69g-mvrb.csv,1054
9f5n-qdib.csv,1053
xwxx-rnki.csv,1048
p2q7-at72.csv,1047
en2c-j6tw.csv,1046
xqmg-7z3j.csv,1045
s6dm-mdan.csv,1043
7kc8-z939.csv,1043
wip6-ytad.csv,1040
w8dz-xpjh.csv,1040
ghht-zbsp.csv,1033
7xjx-2mhj.csv,1030
t6n8-68ps.csv,1028
hpku-qnwm.csv,1027
5gxs-yzxw.csv,1022
7bjc-nmt5.csv,1017
93d2-wh7s.csv,1012
tjt7-rf2i.csv,1011
d4cb-8mwj.csv,1007
chb2-ipkr.csv,1007
f9xn-fiww.csv,1004
brxp-zcjz.csv,997
2vk5-6yq6.csv,997
g52i-ijbe.csv,996
cusf-jxh5.csv,995
esw6-z4id.csv,993
4s7y-vm5x.csv,988
xqxn-4jph.csv,985
fqrp-y4d2.csv,981
dcpj-gxjy.csv,979
af3x-y3y3.csv,979
k8ah-28f4.csv,976
y6ds-67d5.csv,975
pa5t-ktd3.csv,974
uzf5-g4f3.csv,973
fuhv-y2p6.csv,973
aabe-yfm9.csv,970
6sqr-c995.csv,969
5zea-fjhf.csv,968
8qnp-qwn4.csv,967
38pn-tyf4.csv,964
j46e-fnm6.csv,963
vxxs-iyt2.csv,960
45sb-srb5.csv,956
krx7-u82t.csv,953
nmue-7zq2.csv,952
jkk2-3xzd.csv,951
deah-gjrv.csv,951
95ii-vcsx.csv,948
98ef-fxnm.csv,945
iyka-7txw.csv,933
r4dz-wduq.csv,931
tqsy-2s6w.csv,928
k2wr-xdxp.csv,923
ke49-x9wf.csv,922
vwd9-skbw.csv,918
rr6u-cdtn.csv,918
2zbg-i8fx.csv,916
e2gu-mjqa.csv,914
7yds-6i8e.csv,914
n84m-kx4j.csv,911
6w36-zfn5.csv,911
63us-eqtq.csv,910
yg5a-hytu.csv,909
9sfa-4geq.csv,908
97iw-vtbx.csv,908
b37b-brfu.csv,907
w4v6-3sdt.csv,902
8ws3-956v.csv,894
355w-xvp2.csv,894
4hcv-tc5r.csv,890
66u4-mf33.csv,888
avir-tzek.csv,882
n6ej-pebd.csv,880
8i43-kna8.csv,880
5fgn-pgqe.csv,880
tkdy-59zg.csv,877
ftyx-fhnc.csv,877
gsr2-xq9e.csv,876
qt6m-xctn.csv,871
4ptz-hmtc.csv,868
acxz-h8b8.csv,867
99gz-6gpw.csv,865
jr24-e7cr.csv,864
xdqu-utzq.csv,860
am94-epxh.csv,857
t7p9-n9dy.csv,854
rbvx-jqnh.csv,854
u6nh-b56h.csv,853
yphg-6fug.csv,851
7iqp-pbne.csv,847
ii3r-svjz.csv,844
a9md-ynri.csv,842
ytjm-yias.csv,840
8qnk-un3c.csv,838
tg4x-b46p.csv,837
k2ic-km9j.csv,836
edai-t99u.csv,833
2t2c-qih9.csv,831
ntcm-2w4k.csv,830
4kkh-qhtc.csv,829
w49k-mmkh.csv,828
ud2m-5tb4.csv,823
cyfw-hfqk.csv,819
gcys-vvnq.csv,817
swpk-hqdp.csv,815
imfq-nf3j.csv,814
63ge-mke6.csv,814
x2hp-8ukt.csv,812
qmcw-ur37.csv,812
9add-idv3.csv,810
5tub-eh45.csv,810
tfrc-rjtr.csv,806
weg5-33pj.csv,805
3kj6-hxzd.csv,802
8yac-vygm.csv,801
ay6v-3gm3.csv,796
sqb7-p8nz.csv,795
shc3-rmhi.csv,791
wstu-wcnw.csv,786
tap2-dwrw.csv,785
f2cz-q2ik.csv,784
f4tj-796d.csv,781
xiyj-m4sj.csv,780
xijd-ubiu.csv,780
9y7k-h295.csv,779
ymvu-4x4s.csv,772
gfqj-f768.csv,771
rma9-fm39.csv,769
pwts-g83w.csv,763
f264-qcv3.csv,760
tgqn-na2n.csv,758
jvk9-k4re.csv,757
4y63-yw9e.csv,757
sx36-djm7.csv,755
rk35-5hwy.csv,754
p424-amsu.csv,754
x4x8-m3ds.csv,753
gj2m-sgjc.csv,753
jgtb-hmpg.csv,751
fuzi-xuv4.csv,750
er9e-qz8i.csv,750
qs5h-jhhg.csv,749
hnf2-ds4u.csv,748
uwim-9338.csv,745
hb7y-b986.csv,745
9sys-2i9y.csv,745
qchy-end3.csv,742
di8r-g5w9.csv,742
am74-3pnv.csv,741
yv25-wqf9.csv,740
pvkv-25ck.csv,740
kjgh-ywbx.csv,740
y43c-5n92.csv,738
hcv4-fhfs.csv,738
dazy-4wwv.csv,737
qc36-ccxk.csv,736
i6as-kc83.csv,736
2c9f-2ta9.csv,735
b4mf-rg6h.csv,733
9eun-chvy.csv,733
q45m-5vk4.csv,731
pz9j-6fgq.csv,731
gpny-cuvw.csv,731
bk4j-3hk5.csv,728
jmr8-fdbz.csv,727
gix2-d8at.csv,726
ek6b-5n74.csv,726
4e8h-wu86.csv,726
vmkw-p55f.csv,724
v475-8jcj.csv,724
qnwe-j5my.csv,724
jpkr-jhk8.csv,722
6rf2-gv9k.csv,722
k2ye-5mmh.csv,721
hjvj-jfc9.csv,719
fve3-eee8.csv,718
vbgf-ket3.csv,717
k659-gwja.csv,717
ph29-5mxy.csv,716
fsis-j6x5.csv,716
az65-9z36.csv,716
7ree-jtaa.csv,716
6r8r-c474.csv,716
65js-fhgz.csv,716
3av7-txd8.csv,716
c5up-ki6j.csv,715
4p5c-cbgn.csv,714
dtmw-avzj.csv,713
vvym-pu7g.csv,712
mzy5-smmw.csv,711
ff9v-9yzg.csv,711
8dxm-n5ha.csv,711
7ztv-6rwb.csv,711
4fsz-s7id.csv,711
4epu-t832.csv,711
3mji-gpg5.csv,711
vxrc-r6hh.csv,708
v9z6-t6nq.csv,708
rc2t-8fid.csv,708
cxcv-mgtn.csv,708
ug3g-mdky.csv,703
tdhn-vze8.csv,702
nvm3-w2i6.csv,702
9ev8-8rz6.csv,702
3f5y-5web.csv,702
hyer-4e39.csv,701
uh2w-zjsn.csv,700
jvwx-xnsr.csv,695
e649-r223.csv,693
xjtr-h2x2.csv,691
qd93-w582.csv,687
p5yk-zjsc.csv,687
5ytq-4m2r.csv,687
6v4b-5gp4.csv,685
5mrk-xb95.csv,685
vsgi-eeb5.csv,684
7btz-mnc8.csv,683
c4dx-tk4d.csv,681
vck7-ujai.csv,680
w5ea-ydu3.csv,679
tsy7-gcm8.csv,679
xahu-rkwn.csv,674
njqj-g8fv.csv,674
nfz9-tzba.csv,673
2a5f-5ryi.csv,669
g5ah-i2sh.csv,668
dpec-ucu7.csv,667
44f4-mjxy.csv,664
gxhb-59kq.csv,662
kcfe-uypz.csv,661
k72f-2ytm.csv,660
buv4-at34.csv,659
uf53-ree9.csv,658
nk37-cvvv.csv,656
v7hc-c85a.csv,655
8a4n-zmpj.csv,654
tu4y-7fre.csv,653
ctpn-f4h4.csv,653
4ggh-um8t.csv,653
emrz-5p35.csv,652
da9u-wz3r.csv,651
cwqt-nvfg.csv,650
9azj-tmjp.csv,650
cu8c-kkz7.csv,649
avz8-mqzz.csv,649
a5ru-ygsr.csv,649
2qqs-crk2.csv,648
94ri-3ium.csv,647
y52e-hp89.csv,646
kjcq-h8d9.csv,642
jye8-w4d7.csv,642
2v2r-tx9r.csv,642
tvpp-9vvx.csv,637
5cd6-v74i.csv,637
kf2b-aeh5.csv,635
bkfu-528j.csv,635
r67x-e97r.csv,633
p32s-yqxq.csv,633
g993-cbry.csv,632
bkwf-xfky.csv,632
7vgu-qbur.csv,629
78sp-6jhj.csv,629
6m3u-8rbh.csv,629
ujdf-5byz.csv,628
jb3k-j3gp.csv,628
sxx4-xhzg.csv,627
n4tc-j6kh.csv,627
gshi-yqza.csv,627
bmxf-3rd4.csv,627
6246-94tp.csv,627
xjfq-wh2d.csv,626
h4jy-7dv7.csv,626
2ujk-6z7u.csv,626
vn74-s6rt.csv,622
as9z-kwsh.csv,622
snck-inhz.csv,619
jege-pgbz.csv,617
dxru-eun8.csv,617
dx8z-6nev.csv,617
5ize-y7yh.csv,617
tsb8-3rct.csv,614
j34j-vqvt.csv,614
g9ub-hrve.csv,614
tsps-ttpz.csv,611
k46n-sa2m.csv,611
3ss8-m844.csv,609
xprg-trsi.csv,607
rmsj-k8gu.csv,607
ga3c-v25a.csv,607
rukc-mmqu.csv,606
nxmt-wszr.csv,606
krwf-eng6.csv,602
y7az-s7wc.csv,600
wg5a-mubp.csv,599
jkdk-6p97.csv,599
5e7x-8jy6.csv,599
m64p-r9hk.csv,598
ht4t-wzcm.csv,595
fcau-jc6k.csv,595
ky6q-fvpr.csv,593
h4mf-f24e.csv,588
v7gg-i7xs.csv,586
6ctv-n46c.csv,586
tesz-9suw.csv,580
b9yk-4pzk.csv,579
xzy8-qqgf.csv,578
nekg-b6tw.csv,575
auuc-fqzi.csv,575
4y9q-t4wb.csv,575
4rix-z2af.csv,575
n5n4-5k5r.csv,574
gt5i-dmde.csv,572
rdxc-q253.csv,569
fxgv-ba35.csv,569
ej3f-9dad.csv,569
2xir-kwzz.csv,569
v2hd-uwxx.csv,566
8fj8-3sgg.csv,565
rpeq-j89e.csv,562
h2bn-gu9k.csv,562
gezn-7mgk.csv,562
cvqn-xqrr.csv,562
x9i6-ckbm.csv,561
7c9t-ckpj.csv,559
xywu-7bv9.csv,558
smdw-73pj.csv,557
rp8m-vm93.csv,556
2sps-j9st.csv,556
shus-qn78.csv,555
f9mb-fgwp.csv,555
d6di-qmzq.csv,555
4f23-ddz6.csv,553
48pb-zy2g.csv,551
szfr-d24y.csv,550
5fsg-d8c9.csv,548
xip9-pe9k.csv,547
t79c-x4dw.csv,547
yv6j-r66f.csv,543
xw3c-8982.csv,542
72mk-a8z7.csv,542
vve2-26rs.csv,539
9c56-46pu.csv,536
uz9h-5uv2.csv,535
8knn-wq9b.csv,535
kiwq-bb5k.csv,534
e9ah-8qv4.csv,534
3qwy-zqtv.csv,531
n2s5-fumm.csv,529
3kcn-nsb5.csv,528
28rh-vpvr.csv,528
rwa3-b3wr.csv,527
uk6z-hem9.csv,525
825b-niea.csv,524
w9if-3pyn.csv,522
2bvn-ky2h.csv,522
pchn-eaxn.csv,521
k2da-5ijm.csv,519
5hcy-6f3q.csv,519
aejp-3ws7.csv,518
xr5s-zsn6.csv,517
cs9m-cz6f.csv,515
dgg9-jkx8.csv,514
97pn-acdf.csv,514
5u2d-n46s.csv,512
p5w7-g72z.csv,510
eqhe-kbrh.csv,508
fypi-ruxh.csv,507
6wjr-mhgf.csv,505
k3ks-jzek.csv,503
p3e6-t4zv.csv,502
2p64-jbjs.csv,501
fyb8-mmde.csv,499
se9y-csnn.csv,498
wng2-85mv.csv,497
hsst-tgws.csv,497
j7wr-gf2w.csv,496
hukm-2fri.csv,496
nkb3-sy3i.csv,495
ipsj-8mer.csv,494
9bmk-bbj5.csv,494
e555-uc5w.csv,491
j2sr-pm3b.csv,490
5jat-czce.csv,490
5u4m-9udf.csv,489
89di-hi4s.csv,486
dy3p-ay2d.csv,485
c5sh-m8tb.csv,484
ph5g-sr3v.csv,482
fxwm-3t4n.csv,482
2bh6-qmgg.csv,482
95aa-k2ka.csv,481
yiqb-mq9h.csv,480
ngbi-cq85.csv,480
pri4-ifjk.csv,478
e7rh-dmb4.csv,478
kdpk-qekk.csv,477
hv77-qnda.csv,476
5e7z-xsdf.csv,474
g6f6-qpfi.csv,473
phkb-tkts.csv,470
8ruf-3bq8.csv,470
xpy2-cyxg.csv,469
u4ef-3s9d.csv,469
tbf6-u8ea.csv,466
sebv-z45x.csv,466
jvce-szsb.csv,465
3nw7-5vkw.csv,465
cfnc-xfjw.csv,462
636b-3b5g.csv,462
w6sr-ei44.csv,459
ufu7-zp25.csv,459
mu2n-2qpd.csv,459
nbbg-wtuz.csv,455
n2zq-pubd.csv,455
yv4m-nu6d.csv,454
r75y-8qe7.csv,454
4zdr-zwdi.csv,454
yjsf-89ae.csv,452
mfmf-gtvc.csv,452
d72n-ivax.csv,452
72db-huua.csv,449
pcgw-s47c.csv,447
26kp-bgdh.csv,446
7ggc-ypzi.csv,445
6qaj-niew.csv,445
i6mn-amj2.csv,441
b9a3-rexv.csv,441
54k3-2wtq.csv,441
b225-hg9m.csv,433
qgga-62ej.csv,432
hqb2-y6mu.csv,430
garv-x8q8.csv,430
t6a9-nby7.csv,429
hmw8-8is3.csv,427
n5xa-24cw.csv,424
iuvu-z276.csv,421
qt5r-nqxp.csv,418
9jbx-hna8.csv,418
fb6n-h22r.csv,416
qe3p-6ugh.csv,415
wswf-9pts.csv,414
uinz-vc7n.csv,412
t446-jbtd.csv,412
8jfz-tjny.csv,412
ddcy-y5zn.csv,411
bqym-t9p9.csv,410
vbcn-wn88.csv,407
nnf6-km2a.csv,407
f3cg-u8bv.csv,407
deqx-mzd7.csv,407
2uk5-v8da.csv,406
xaa3-fatk.csv,405
fxdy-q85h.csv,405
d9iv-gp5y.csv,402
szn6-bbuk.csv,400
i5ef-jxv3.csv,399
25cx-4jug.csv,399
x2sd-f2zp.csv,396
2gjq-v9z9.csv,393
eamj-ryxu.csv,390
tmha-56pf.csv,389
bjx5-4p7w.csv,389
axb2-9jkb.csv,389
qusa-igsv.csv,388
4nft-bihw.csv,382
mp3w-h26i.csv,380
3ups-txji.csv,375
us4j-b5zt.csv,374
j4wk-mndk.csv,374
cirn-n726.csv,374
ru7q-zr7g.csv,371
a6kg-wufg.csv,371
jpe4-9hh5.csv,370
33db-aeds.csv,369
259a-b6s7.csv,369
n22p-sx6y.csv,368
jjja-shxy.csv,367
fb26-34vu.csv,367
nawr-fbpn.csv,365
him9-7gri.csv,363
5hb6-gnie.csv,360
kquf-ewd9.csv,357
dbs9-fgqs.csv,357
hm78-6dwm.csv,355
eg59-gdqu.csv,352
d9fi-geci.csv,349
3t6s-yb67.csv,347
thrx-b6bc.csv,342
q5za-zqz7.csv,341
ak2e-nbe8.csv,341
wd9h-xwk5.csv,340
f9bf-2cp4.csv,336
fydx-dgvr.csv,334
sv6e-j8t9.csv,332
r528-jcks.csv,330
5nz7-hh6t.csv,330
ycrg-ses3.csv,319
k233-bk49.csv,318
8gqz-6v9v.csv,318
yrt9-58g8.csv,313
pvvr-75zk.csv,311
k5us-nav4.csv,308
hphp-39kk.csv,307
2vv4-3iny.csv,303
d33y-i2m7.csv,302
mw3t-6kth.csv,299
gsj6-6rwm.csv,297
k26i-s5bd.csv,293
dufe-vxb7.csv,293
itfs-ms3e.csv,291
y86q-g4pf.csv,287
rv63-53db.csv,287
8ius-dhrr.csv,287
hkqp-x7p9.csv,283
9ibi-dfnm.csv,283
5yay-3jd5.csv,281
7su9-xgtn.csv,277
9byw-znpj.csv,276
esmb-8zkm.csv,275
x2ak-gjxj.csv,274
7r6i-tdj2.csv,272
u6p4-fsey.csv,270
sjdi-a6us.csv,269
6y5g-5hkj.csv,268
948r-3ads.csv,260
ynhu-u9id.csv,258
9umc-3b2y.csv,256
6j6t-3ixh.csv,256
v5jd-6wqn.csv,254
kkum-y97z.csv,254
e4ss-s2zn.csv,249
5rzx-3686.csv,249
yqhh-93zq.csv,244
qcwe-qqie.csv,239
ckva-rq3b.csv,238
abgn-8q46.csv,234
f7qh-bcr5.csv,233
8gr8-ngjc.csv,231
wcmg-48ep.csv,230
rnsn-acs2.csv,229
pqmq-sk82.csv,229
j8sx-ccsq.csv,222
t9nw-j73k.csv,221
pexc-kg7n.csv,218
wqh5-zjte.csv,217
9fxq-tpip.csv,217
d5g5-kttt.csv,213
phxt-vb3r.csv,211
e2ey-aicw.csv,211
5c95-uqu5.csv,209
s67x-p7nk.csv,206
jipi-drdu.csv,205
4tqt-y424.csv,204
qk7d-gecv.csv,203
mu33-54em.csv,203
mebz-ditc.csv,201
erts-eyf6.csv,201
ywiv-5gyw.csv,200
g4ux-eh4t.csv,199
8fcu-mcx2.csv,198
4iha-m5jk.csv,198
rtws-c2ai.csv,195
krzg-2cun.csv,194
av3y-hmjv.csv,194
ru7m-mpyz.csv,190
32y8-s55c.csv,190
x77w-bjx9.csv,189
pvxf-9irb.csv,188
aagv-t6fa.csv,188
s8tx-673w.csv,186
mdcw-n682.csv,183
ubkx-acdh.csv,179
mr4m-hqav.csv,178
cfu2-mhpz.csv,176
2knz-3yg6.csv,176
x3kb-2vbv.csv,175
uchs-jqh4.csv,175
aa5u-mys6.csv,175
q9rw-qihz.csv,173
7t2y-4fke.csv,172
n6uv-kunx.csv,169
nhq5-jx6b.csv,168
9igb-ny64.csv,168
sg6c-6sse.csv,167
4vfc-wci4.csv,167
rfck-7vkq.csv,166
43qn-d6r8.csv,166
35qr-3ykq.csv,166
nnyy-27fp.csv,165
jvqn-dyef.csv,164
e635-qjv5.csv,164
9wgm-cdbe.csv,164
2ith-35wn.csv,164
s3uf-q278.csv,162
rn5p-vhac.csv,160
gzvm-na49.csv,160
ysc4-6xvu.csv,159
vypd-m9q8.csv,159
ng9f-agux.csv,159
wruz-m9pp.csv,158
sa5w-dn2t.csv,158
qbjq-atxv.csv,158
dqsy-6vth.csv,158
cgd2-a96k.csv,158
bxv9-8f4e.csv,158
brga-xeqy.csv,158
8ek7-jxw6.csv,158
mp8v-wjtf.csv,157
fuzb-9jre.csv,157
9ct9-prf9.csv,157
5r8r-e7i6.csv,157
qb86-fg8z.csv,156
7jkp-5w5g.csv,156
5cdu-g7c4.csv,156
vdem-2i66.csv,155
mbym-vp3s.csv,154
bjuu-44hx.csv,153
syig-q8ab.csv,151
r63n-8hf3.csv,151
kvc5-kdj8.csv,151
e64w-ctmw.csv,151
4utb-pisg.csv,151
v55h-aeac.csv,150
tyjc-nqc2.csv,150
mpg8-b8s5.csv,150
7t6i-mkth.csv,150
jzdn-258f.csv,149
bjzv-ubve.csv,149
vr8p-8shw.csv,148
s5mq-f5ie.csv,146
37fm-7uaa.csv,146
m3yx-mvk4.csv,145
7yay-m4ae.csv,145
xk6g-r83g.csv,144
zt9s-n5aj.csv,143
8u85-k342.csv,143
4d7f-74pe.csv,142
66yh-nemi.csv,141
2rh9-5vsi.csv,141
v6g5-uh5z.csv,140
jb7j-dtam.csv,140
63u4-2zc2.csv,140
2jne-kr3f.csv,140
rrfc-w3w8.csv,138
d7pv-3qwq.csv,138
pdk7-puui.csv,137
5mdy-gux8.csv,137
feu5-w2e2.csv,136
5ri2-49bt.csv,135
rfpq-hs49.csv,134
nhca-vme6.csv,134
jxi9-fk59.csv,134
88m5-5vz3.csv,134
7z8d-msnt.csv,134
ydbx-4ufw.csv,132
qe6k-pu9t.csv,131
56e3-rp8d.csv,131
uyiw-98i7.csv,130
mdht-5s6e.csv,130
tzuk-eq2f.csv,129
x3n4-h56k.csv,128
rhe8-mgbb.csv,127
c49b-3kmd.csv,126
j7wp-ax4x.csv,125
u9k7-x2z3.csv,124
eifs-wzhm.csv,124
fq4m-vjs9.csv,123
2n4x-d97d.csv,123
mvab-8uw7.csv,122
j3uq-sh95.csv,122
hnj4-7uii.csv,122
cah7-vgge.csv,122
5284-7vfz.csv,122
w5he-u64t.csv,121
qbvv-9nzz.csv,121
ismp-xffj.csv,121
wn9v-p3q3.csv,120
wffy-3iyg.csv,120
jkiz-wt49.csv,120
gqk4-hny9.csv,120
38ib-pjw5.csv,120
csut-3wpr.csv,118
avh4-h5hx.csv,118
hm4n-kxfu.csv,117
ubv8-6n5w.csv,116
tiyn-ajjm.csv,116
dwzs-n5b9.csv,116
5sq4-wrrm.csv,116
4vdj-5ima.csv,116
qqba-8akg.csv,115
pq5i-thsu.csv,114
6yag-pnij.csv,114
xig4-mrik.csv,113
rdjw-z878.csv,113
nyit-f4w8.csv,113
nrik-v7ws.csv,112
mju7-rqph.csv,112
ap68-7a8h.csv,112
nbgq-j9jt.csv,111
dcjb-es8v.csv,111
bvzk-auuz.csv,111
aq7p-fpw6.csv,111
7299-2etw.csv,110
4f2g-zrdv.csv,110
wrzv-t2c4.csv,109
wmsu-5muw.csv,109
mpqk-skis.csv,108
6r4h-c2y6.csv,108
kmtx-45c9.csv,107
h9ws-rfd9.csv,107
gx64-vjdi.csv,107
at9c-pdf7.csv,107
6ynm-g82n.csv,106
5vqp-meve.csv,106
ws4r-n9v4.csv,105
i8ua-bnkj.csv,104
i5n2-q8ck.csv,104
hpp2-afag.csv,104
gzfs-3h4m.csv,102
tcwb-nry3.csv,101
tbhc-a2hs.csv,100
fuwu-64db.csv,100
3ydk-du45.csv,100
ynic-uz5i.csv,99
5c4s-jwtq.csv,99
8wau-idzf.csv,98
eabe-havv.csv,97
c87b-2j3i.csv,97
9tnu-6rdi.csv,97
7ewi-9cdf.csv,97
thut-5mdg.csv,96
j7yn-nvq9.csv,96
7fnf-kyf4.csv,96
gk9u-c3tv.csv,95
y3gq-zv28.csv,94
b8z8-mpdb.csv,94
arhf-esqb.csv,94
9tn4-3mgm.csv,94
vxn4-gvgm.csv,93
vk9f-gvzq.csv,93
7m8q-jgtg.csv,93
piri-jns7.csv,92
4c8i-cnte.csv,92
dfv3-jzjw.csv,90
y4yc-78a4.csv,88
39g5-gbp3.csv,88
wa2y-rh4b.csv,87
ven4-h25u.csv,87
vr2i-c3qq.csv,85
ndq3-kuef.csv,85
4quv-6za7.csv,85
mefg-rpis.csv,84
xjgv-jugs.csv,83
v5w4-adxa.csv,83
hdie-5bdv.csv,83
h6ku-kycw.csv,83
ae5u-upr6.csv,83
9gzt-8w5q.csv,83
4yay-s2us.csv,83
jjvq-4t2v.csv,82
gepv-dxc2.csv,82
b36s-tuqc.csv,82
77zj-y2i9.csv,82
w38c-pyzq.csv,81
qt4e-9a97.csv,81
ng7s-zne2.csv,81
dzrn-z4d7.csv,81
7ceq-6nwu.csv,81
5vr7-5fki.csv,80
u42g-qjaj.csv,79
hdz6-s54z.csv,78
aqu8-c9ea.csv,78
3nja-bsch.csv,78
3eg9-btxt.csv,78
xt4f-xvjw.csv,77
sydm-hizh.csv,76
kiy2-qiem.csv,76
a444-au9b.csv,75
kz4v-8ai2.csv,74
ft9w-x7u5.csv,73
e27m-uhjk.csv,73
985h-mtct.csv,72
a2w2-wg79.csv,69
wnhn-bgpv.csv,68
84ax-hg3y.csv,67
ka27-qx5k.csv,65
rqvv-d722.csv,64
nhtw-fjuj.csv,64
ce3f-jkdg.csv,64
7pza-ynkh.csv,64
xe6a-qapf.csv,63
mfz4-pj9t.csv,63
5g59-fxev.csv,62
g2t5-u7v8.csv,61
2wjv-he7c.csv,61
s52s-navf.csv,60
genf-2k76.csv,60
y3ea-en4q.csv,59
vgqq-m7ux.csv,59
5c9e-33xj.csv,59
ewmy-2fww.csv,58
ycfm-qijh.csv,57
kkwv-djnk.csv,56
jhjm-vsp8.csv,56
5t4n-d72c.csv,56
sh4i-rsb8.csv,55
d6zx-ckhd.csv,55
nd82-bi9f.csv,54
e266-vpg7.csv,54
azp6-hepu.csv,53
xnje-s6zf.csv,52
nsk4-4pvs.csv,52
bgb4-7zjj.csv,51
6teu-xtgp.csv,51
6ayi-8khd.csv,51
sqmu-2ixd.csv,49
fpfg-qx2w.csv,49
5mxw-kxpt.csv,49
4ubz-8kkx.csv,49
2cmn-uidm.csv,48
i595-2byq.csv,46
x5tk-fa54.csv,45
pasr-j7fb.csv,45
e4p3-6ecr.csv,45
abnr-s7g4.csv,45
j7in-ctnu.csv,44
iw4r-p85g.csv,44
2ei9-vg68.csv,44
2xh6-psuq.csv,43
thqd-deec.csv,41
478a-yykk.csv,41
i6b5-j7bu.csv,40
hjjq-k984.csv,40
peat-vx5z.csv,39
hdnu-nbrh.csv,39
c3uy-2p5r.csv,39
6xs6-cz7y.csv,39
rf3p-853x.csv,38
acdt-2zt9.csv,38
ye3c-m4ga.csv,37
rsnp-rdyf.csv,37
ia2d-e54m.csv,37
4xfc-mzbg.csv,37
fdgu-y9iy.csv,36
eddp-3v5g.csv,36
wa6b-r9jh.csv,34
kcrr-myj9.csv,34
h7yn-dap5.csv,34
f34v-uffx.csv,34
ad38-uy5g.csv,34
wcpw-9chs.csv,33
ubuy-v2nw.csv,33
qu8g-sxqf.csv,33
dyta-z6sk.csv,33
8sea-35e7.csv,33
6ucq-fahe.csv,33
xdzg-dnpg.csv,32
dg7a-jiz2.csv,32
vx8i-nprf.csv,31
sx92-yn4a.csv,31
kxua-p5dg.csv,31
pqdc-ncdn.csv,29
ne9z-skhf.csv,29
in83-58q5.csv,29
qhm5-h46t.csv,28
njuk-taxk.csv,28
evu4-6zyr.csv,28
h5f7-3btz.csv,27
kk22-kcb6.csv,26
js7p-g9f6.csv,26
h59m-jnyu.csv,26
fgqh-vfzz.csv,25
8k4x-9mp5.csv,25
7hgn-sgmk.csv,25
2j8u-wtju.csv,25
xatq-cxeq.csv,24
vz7h-p6wa.csv,24
tyv9-j3ti.csv,24
rbwa-m4iy.csv,24
p48c-iqtu.csv,24
gnum-kz6r.csv,24
8pnf-vysd.csv,23
sfvn-y3wd.csv,20
5mma-5n3h.csv,20
xmiz-qy72.csv,19
sivq-4tyd.csv,19
95bz-ea2t.csv,19
y4pq-zdn5.csv,18
tsbd-7yyy.csv,18
psmp-cmuu.csv,18
hi3x-y76v.csv,18
gc4z-q69i.csv,18
b37a-3faw.csv,18
ax85-bzte.csv,18
ywm2-wzzf.csv,17
myn9-hwsy.csv,17
6uh5-5j7x.csv,17
d334-62hi.csv,16
sn5i-xuny.csv,15
egyb-4bz2.csv,15
423i-ukqr.csv,15
qj7d-vb9s.csv,14
pfys-fabf.csv,14
f4wx-5ve6.csv,14
uaj7-9szf.csv,13
rqgf-94xs.csv,13
75e9-fg2t.csv,13
mpw3-7xyh.csv,12
kvhd-5fmu.csv,12
wi3r-8uzb.csv,11
m48u-yjt8.csv,11
did2-qzw3.csv,11
6y3e-jcrc.csv,11
vnwq-9b7b.csv,10
jat2-irw9.csv,10
wibz-uqui.csv,9
tgzg-ssan.csv,9
nzjr-3966.csv,9
j9q2-y739.csv,9
b2gb-nkrq.csv,9
8qgy-ka3v.csv,9
46m8-77gv.csv,9
xi2y-szfs.csv,8
vhtt-kpwy.csv,8
svyi-maaj.csv,8
qnuk-aubm.csv,8
k3e2-emsq.csv,8
ipc3-2nbm.csv,8
f9a8-4jby.csv,8
dsyc-npkh.csv,8
cwjy-rrh3.csv,8
basd-2jwn.csv,8
xcah-6evp.csv,7
tncb-agv4.csv,7
he5b-24yw.csv,7
exez-mxv4.csv,7
34zf-iv73.csv,7
qcru-xhuq.csv,6
y7z5-rhh5.csv,5
wcg2-rbkn.csv,5
vwpc-kje2.csv,5
rcz9-btkn.csv,5
nwet-nc6h.csv,5
jt9i-9gxr.csv,5
jhn3-4vdj.csv,5
gffu-ps8j.csv,5
3vvi-fwjs.csv,5
3qty-g4aq.csv,5
2mqz-v5im.csv,5
ut65-is4f.csv,4
qad5-y26n.csv,4
q9kp-jvxv.csv,4
nntm-ht5m.csv,4
jafx-rvrb.csv,4
hukm-snmq.csv,4
e4ty-r26d.csv,4
bwhw-9jek.csv,4
bj6m-ydtj.csv,4
8r6c-ydwk.csv,4
86a8-pqby.csv,4
2rr4-rfvc.csv,4
yjnr-kh6n.csv,3
wag2-kf63.csv,3
uwx4-aafe.csv,3
rkad-22be.csv,3
ivbu-e2q7.csv,3
hg3k-2w6h.csv,3
f64t-5yiv.csv,3
aqs7-v55z.csv,3
8fhd-nzw8.csv,3
7vxz-zmfj.csv,3
7rf2-3gxf.csv,3
7hi3-kaps.csv,3
483x-fy9e.csv,3
2xab-argn.csv,3
yeu7-rqiu.csv,2
y6fv-k6p7.csv,2
xagh-idmf.csv,2
vavg-cg3g.csv,2
rskq-5bfv.csv,2
pqbh-p6xe.csv,2
npe5-sakb.csv,2
j8p3-8ufc.csv,2
irs3-wn2g.csv,2
gqzy-vhwd.csv,2
gmi7-62cd.csv,2
fu34-wamz.csv,2
erra-pzy8.csv,2
94g4-w6xz.csv,2
8kiv-2ukd.csv,2
7tu6-bcih.csv,2
68rr-d3jr.csv,2
5r5y-pvs3.csv,2
53jv-eiur.csv,2
wunb-i9sc.csv,1
ws4c-4g69.csv,1
whux-iuiu.csv,1
vrar-mb2u.csv,1
v959-5k2w.csv,1
ujre-m2tj.csv,1
uf8p-ervp.csv,1
su6u-afcg.csv,1
ridc-7qqg.csv,1
q7f5-jwds.csv,1
p2vv-pesb.csv,1
jk6k-yab4.csv,1
jf8f-zxb7.csv,1
j2iz-mwzu.csv,1
h7fs-cqma.csv,1
gakf-suji.csv,1
d5zb-ragj.csv,1
c5bg-9tzm.csv,1
9qvi-kbpt.csv,1
9caw-yxsv.csv,1
7wse-xesc.csv,1
7vk6-9w2d.csv,1
7umd-hdjb.csv,1
7isb-wh4c.csv,1
5atx-ibtu.csv,1
48va-85tp.csv,1
3dnj-u3x8.csv,1
2k3g-r445.csv,1
zkky-n5j3.csv,0
ypbd-r4kg.csv,0
yk6f-pa7p.csv,0
yini-w76t.csv,0
yggg-xf4b.csv,0
xtsw-fqvh.csv,0
xrfd-bjik.csv,0
xi6w-cfy5.csv,0
xi6j-55dx.csv,0
xhmm-58fn.csv,0
x98t-3bbk.csv,0
x79z-q7y2.csv,0
x56h-7iwp.csv,0
x2z9-ihqe.csv,0
ww83-bcks.csv,0
wugy-h4kt.csv,0
wryt-jaa6.csv,0
wnu3-egq7.csv,0
wnnu-jtm5.csv,0
whjh-s3x7.csv,0
wffu-4g3a.csv,0
weqx-t5xr.csv,0
w8cn-6mjd.csv,0
w297-q7jn.csv,0
w23u-4th9.csv,0
vm3f-2n7x.csv,0
vfid-uain.csv,0
v9sd-nunw.csv,0
uu62-ifvu.csv,0
utpp-yxuj.csv,0
uqhg-h4at.csv,0
unw7-yyit.csv,0
undh-nqn9.csv,0
umvu-uw78.csv,0
umfn-twbz.csv,0
uisg-ivwv.csv,0
udtw-swpa.csv,0
u9au-h79y.csv,0
u97r-kgca.csv,0
u8dp-jhsx.csv,0
u7ws-2dus.csv,0
u3t3-74n4.csv,0
tuie-py5h.csv,0
tm5c-buy3.csv,0
tk57-ks48.csv,0
tdt4-7qzu.csv,0
tdd6-3ysr.csv,0
tczk-5sa2.csv,0
tbmp-nmim.csv,0
t9iz-i583.csv,0
t7xz-mxnb.csv,0
t7k8-wj6b.csv,0
t572-gp5u.csv,0
sxwi-583e.csv,0
ssqc-a9e6.csv,0
sq67-3hcy.csv,0
smkj-7vb5.csv,0
sgvu-nui7.csv,0
sci4-yqgk.csv,0
sbvv-hpwv.csv,0
s8x5-ashy.csv,0
s84u-yh9q.csv,0
rx8t-6euq.csv,0
rw6k-9v7e.csv,0
rup2-u8e8.csv,0
rs6k-p7g6.csv,0
rk6w-n3dw.csv,0
rej3-v4c3.csv,0
rcdb-6tdq.csv,0
rb2v-pszf.csv,0
rb2h-bgai.csv,0
r2ng-2bhg.csv,0
qtrb-nhaa.csv,0
qsh3-jj2w.csv,0
qkm5-nuaq.csv,0
qkez-i8mv.csv,0
qfn2-4jea.csv,0
qeta-4kqg.csv,0
ppub-hbwx.csv,0
pmj5-4bsh.csv,0
ph9e-sw9u.csv,0
p7kk-jjry.csv,0
p26e-k6k9.csv,0
nr9n-yqxr.csv,0
nkn9-ge6x.csv,0
nja7-3m37.csv,0
na5f-2vg7.csv,0
n4kn-dy2y.csv,0
n23c-ym2g.csv,0
mzrr-g56e.csv,0
myhg-kfw9.csv,0
mvn6-575n.csv,0
mnkj-myjb.csv,0
mmdw-rxy8.csv,0
mjaj-dbuh.csv,0
mfxb-aygx.csv,0
mbdi-zpep.csv,0
m8qf-ycd5.csv,0
m6ap-zcwi.csv,0
m666-sf2m.csv,0
kw4v-6nqf.csv,0
krz2-j7bn.csv,0
khqt-g67n.csv,0
kewa-q4dq.csv,0
ke4t-kbpi.csv,0
kd8f-uxui.csv,0
k8in-e8bh.csv,0
k7b3-4y4m.csv,0
k67s-dv2t.csv,0
k548-32d3.csv,0
jwvp-gyiq.csv,0
jr6k-xwua.csv,0
jht3-w4hh.csv,0
jcj6-zji6.csv,0
j7gw-gcxi.csv,0
j2dd-88mm.csv,0
is7e-8exf.csv,0
ircm-rcjd.csv,0
ips9-qxk8.csv,0
ipf4-pzub.csv,0
iidj-gxys.csv,0
igsj-fxac.csv,0
igad-psu6.csv,0
ifnn-4w9d.csv,0
i4p3-pe6a.csv,0
i447-i5u3.csv,0
hywf-9b6t.csv,0
hqhh-iv7p.csv,0
hntz-vujg.csv,0
hnb3-32fi.csv,0
hm5s-pgts.csv,0
hjqb-2g4j.csv,0
hcv3-zacv.csv,0
hc32-b4uk.csv,0
hb7g-4ihf.csv,0
h4jn-x3ty.csv,0
gzdv-qiga.csv,0
gysc-yn4h.csv,0
gsgx-6efw.csv,0
gne4-pga9.csv,0
gn7m-em8n.csv,0
gf2p-d6pi.csv,0
ge56-g6yt.csv,0
g9wv-7n2m.csv,0
g9pi-q9mx.csv,0
g7ir-4pf8.csv,0
g54d-49wm.csv,0
g3s7-2g3d.csv,0
fyf4-hrcu.csv,0
fw4n-6ehm.csv,0
fnkv-pyhj.csv,0
fnf8-c7wx.csv,0
fiar-9bv5.csv,0
fdx7-6jsr.csv,0
fd5y-xikb.csv,0
fc69-ufed.csv,0
fb4j-itwb.csv,0
fak5-wcft.csv,0
fa9x-pfzm.csv,0
f9uc-f34g.csv,0
f5y3-uf2u.csv,0
f4ux-qw5u.csv,0
emex-8upu.csv,0
eku7-63g8.csv,0
eivx-q94q.csv,0
eidg-3v2p.csv,0
efdc-dxuz.csv,0
e6ph-9uv7.csv,0
e4ej-j6hn.csv,0
e3xf-jwmj.csv,0
dpfn-5ihn.csv,0
dji6-v57p.csv,0
dhsk-pig8.csv,0
dfr8-nudu.csv,0
d84z-5kap.csv,0
d6m8-cwh9.csv,0
cse5-enmd.csv,0
cj3v-xdpd.csv,0
cj2p-e3ej.csv,0
cgkc-y6tk.csv,0
c9ex-t8kt.csv,0
c3v8-5x25.csv,0
bvd8-5483.csv,0
br7w-st33.csv,0
bia8-jpx6.csv,0
bha8-nbrn.csv,0
bcsx-ch6m.csv,0
ba8s-jw6u.csv,0
b8z5-673p.csv,0
au2v-djg4.csv,0
asdj-rj9b.csv,0
aqy4-qgvz.csv,0
an6v-iuem.csv,0
ajh7-4wqg.csv,0
adqm-qibj.csv,0
ab4a-qhzt.csv,0
a7bv-5698.csv,0
a5ez-s27s.csv,0
a4c7-mfuc.csv,0
a3vc-fsgj.csv,0
9wzr-uhik.csv,0
9txq-dagp.csv,0
9q3s-ajq8.csv,0
9jf7-zn7b.csv,0
9ix2-uc5v.csv,0
9hzi-kbqb.csv,0
9gs9-zhxw.csv,0
9fnm-j6if.csv,0
9ddq-vbjj.csv,0
9cw8-7heb.csv,0
99rv-74dm.csv,0
8vv7-7wx3.csv,0
8fgk-qysk.csv,0
7zhs-43jt.csv,0
7zb8-7bpk.csv,0
7w9p-j93r.csv,0
7w73-8bcz.csv,0
7tpn-47kj.csv,0
7sqz-26v7.csv,0
7rnv-m532.csv,0
7piy-bhr9.csv,0
7gmq-dbas.csv,0
7ahn-ypff.csv,0
76bs-46w6.csv,0
767e-4ijc.csv,0
73kr-kt5y.csv,0
72vt-ykjc.csv,0
6yzk-rwz2.csv,0
6wve-ubwx.csv,0
6wp7-y8uw.csv,0
6v9u-ndjg.csv,0
6q9w-6svb.csv,0
6pwv-zmgh.csv,0
6phq-6kwz.csv,0
6ggx-itps.csv,0
6c4k-4mp6.csv,0
69wu-b929.csv,0
68qr-38va.csv,0
67up-ztdf.csv,0
66qr-66q7.csv,0
6625-xkgg.csv,0
5x7b-baa2.csv,0
5qcq-w32p.csv,0
5jwd-xj5z.csv,0
5ivh-r5ct.csv,0
5i9t-mvdt.csv,0
5hwa-9qfj.csv,0
5fzm-kpwv.csv,0
4wf2-7kdu.csv,0
4se9-mk53.csv,0
4mvr-i7nd.csv,0
4hft-v355.csv,0
4fvw-nn9c.csv,0
3zh4-7hgk.csv,0
3wyv-kxab.csv,0
3ftn-akuh.csv,0
34hf-h2fw.csv,0
2rd2-9uwy.csv,0
2kdb-mfqb.csv,0
28et-rv7b.csv,0
24nr-gahi.csv,0
22gm-5ceg.csv,0
